-- Auth users
INSERT INTO auth.users (instance_id, id, aud, role, email, encrypted_password, email_confirmed_at, recovery_sent_at, last_sign_in_at, raw_app_meta_data, raw_user_meta_data, created_at, updated_at, confirmation_token, email_change, email_change_token_new, recovery_token) VALUES ('00000000-0000-0000-0000-000000000000', '563bb18c-8d3b-44ca-8fec-1fb32a71c8aa', 'authenticated', 'authenticated', 'staff-001@example.com', '', NOW(), NULL, NOW(), '{"provider":"email","providers":["email"]}', '{}', NOW(), NOW(), '', '', '', '');
INSERT INTO auth.users (instance_id, id, aud, role, email, encrypted_password, email_confirmed_at, recovery_sent_at, last_sign_in_at, raw_app_meta_data, raw_user_meta_data, created_at, updated_at, confirmation_token, email_change, email_change_token_new, recovery_token) VALUES ('00000000-0000-0000-0000-000000000000', 'de2d336b-254d-4af7-8e49-5acbda340e67', 'authenticated', 'authenticated', 'staff-002@example.com', '', NOW(), NULL, NOW(), '{"provider":"email","providers":["email"]}', '{}', NOW(), NOW(), '', '', '', '');
INSERT INTO auth.users (instance_id, id, aud, role, email, encrypted_password, email_confirmed_at, recovery_sent_at, last_sign_in_at, raw_app_meta_data, raw_user_meta_data, created_at, updated_at, confirmation_token, email_change, email_change_token_new, recovery_token) VALUES ('00000000-0000-0000-0000-000000000000', '5ff5e55e-186f-43ce-84d2-aa751d8341b5', 'authenticated', 'authenticated', 'staff-003@example.com', '', NOW(), NULL, NOW(), '{"provider":"email","providers":["email"]}', '{}', NOW(), NOW(), '', '', '', '');

-- Staffs
INSERT INTO staffs (id, name, yomigana, email, role) VALUES ('563bb18c-8d3b-44ca-8fec-1fb32a71c8aa', '相澤 翔太', 'あいざわ しょうた', 'staff-001@example.com', 'システム管理者');
INSERT INTO staffs (id, name, yomigana, email, role) VALUES ('de2d336b-254d-4af7-8e49-5acbda340e67', '井上 結衣', 'いのうえ ゆい', 'staff-002@example.com', 'スタッフ');
INSERT INTO staffs (id, name, yomigana, email, role) VALUES ('5ff5e55e-186f-43ce-84d2-aa751d8341b5', '上田 拓海', 'うえだ たくみ', 'staff-003@example.com', 'スタッフ');

-- Categories
INSERT INTO categories (id, code, name, yomigana, description) VALUES ('fca14a0d-8f82-4203-a761-e712fd6bbf95', 'CAT-001', '粉類', 'こなるい', '強力粉、薄力粉、ライ麦粉など');
INSERT INTO categories (id, code, name, yomigana, description) VALUES ('3e32eddf-b3d1-495a-9f0e-00e6ed06e7bb', 'CAT-002', '酵母・膨張剤', 'こうぼ・ぼうちょうざい', 'イースト、ベーキングパウダーなど');
INSERT INTO categories (id, code, name, yomigana, description) VALUES ('d738928f-ae63-469d-8665-faff952e075e', 'CAT-003', '糖類', 'とうるい', '上白糖、グラニュー糖、三温糖など');
INSERT INTO categories (id, code, name, yomigana, description) VALUES ('04d086c7-1b60-4c3a-b96d-204300ec49ba', 'CAT-004', '調味料', 'ちょうみりょう', '塩、スパイス類など');
INSERT INTO categories (id, code, name, yomigana, description) VALUES ('ee588c63-abfa-4694-81a8-cb929e0c6fb8', 'CAT-005', '乳製品', 'にゅうせいひん', 'バター、牛乳、チーズなど');
INSERT INTO categories (id, code, name, yomigana, description) VALUES ('d8974612-313d-445c-90c9-f9b55f6c854a', 'CAT-006', '生鮮食品', 'せいせんしょくひん', '卵、生鮮フルーツ、野菜など');

-- Locations
INSERT INTO locations (id, code, name, yomigana, description) VALUES ('4f3672e8-daf7-4ee6-a289-1b99ad9a512c', 'LOC-001', '倉庫A', 'そうこA', '粉類・乾物用メイン倉庫');
INSERT INTO locations (id, code, name, yomigana, description) VALUES ('b5ee50db-97a6-4a16-ba0d-982cef68a39d', 'LOC-002', '倉庫B', 'そうこB', '調味料・糖類・包材');
INSERT INTO locations (id, code, name, yomigana, description) VALUES ('0a41bdf2-7741-48f9-9215-cdcd042ca397', 'LOC-003', '冷蔵庫1', 'れいぞうこ1', 'イースト・仕込み水用');
INSERT INTO locations (id, code, name, yomigana, description) VALUES ('132dc5ef-c24f-4f02-b734-15b6acb6620b', 'LOC-004', '冷蔵庫2', 'れいぞうこ2', '乳製品（バター・牛乳等）');
INSERT INTO locations (id, code, name, yomigana, description) VALUES ('f15ee998-9c5c-40e2-b190-1928ebb9d82c', 'LOC-005', '冷蔵庫3', 'れいぞうこ3', '生鮮食品（卵・フィリング等）');
INSERT INTO locations (id, code, name, yomigana, description) VALUES ('0e833132-a18a-4f96-8ae7-cbd98727413c', 'LOC-006', '冷凍庫A', 'れいとうこA', '冷凍生地・冷凍フルーツ');

-- Suppliers
INSERT INTO suppliers (id, code, name, yomigana, contact_person, phone) VALUES ('97ed7a81-8160-4a50-9cfa-edf6a7d18019', 'SUP-001', '関東製菓材料卸(株)', 'かんとうせいかざいりょうおろし', '加藤 剛', '0311110001');
INSERT INTO suppliers (id, code, name, yomigana, contact_person, phone) VALUES ('f7b80af7-8479-40fe-9bce-cf36fe91d40e', 'SUP-002', '第一食材商事', 'だいいちしょくざいしょうじ', '木下 楓', '0311110002');
INSERT INTO suppliers (id, code, name, yomigana, contact_person, phone) VALUES ('ff4c7a97-a5d1-44ff-b7b9-f36412c97b1e', 'SUP-003', '丸越乳業販売(株)', 'まるこしにゅうぎょうはんばい', '工藤 蓮', '0311110003');
INSERT INTO suppliers (id, code, name, yomigana, contact_person, phone) VALUES ('2faff51b-529c-486c-ba7d-4cc90d8582cc', 'SUP-004', '新鮮農産流通協同組合', 'しんせんのうさんりゅうつうきょうどうくみあい', '小泉 葵', '0421110004');

-- Items
INSERT INTO items (id, code, name, yomigana, description, supplier_id, standard_price, standard_purchase_qty, category_id, location_id) VALUES ('ea8e1145-9aa7-422d-bd46-bfb76f2024e7', 'ING-001', '強力粉 (カメリヤ)', 'きょうりきこ', '日清製粉、25kg', '97ed7a81-8160-4a50-9cfa-edf6a7d18019', 7500, 1, 'fca14a0d-8f82-4203-a761-e712fd6bbf95', '4f3672e8-daf7-4ee6-a289-1b99ad9a512c');
INSERT INTO items (id, code, name, yomigana, description, supplier_id, standard_price, standard_purchase_qty, category_id, location_id) VALUES ('1cb7bb54-98f3-4ad5-8edd-f573cea0f7b0', 'ING-002', '薄力粉 (バイオレット)', 'はくりきこ', '日清製粉、25kg', '97ed7a81-8160-4a50-9cfa-edf6a7d18019', 6800, 1, 'fca14a0d-8f82-4203-a761-e712fd6bbf95', '4f3672e8-daf7-4ee6-a289-1b99ad9a512c');
INSERT INTO items (id, code, name, yomigana, description, supplier_id, standard_price, standard_purchase_qty, category_id, location_id) VALUES ('0e39e2fa-8c31-42c0-bf47-9f787d9f0179', 'ING-003', 'ドライイースト', 'どらいいーすと', 'ルサッフル、500g', '97ed7a81-8160-4a50-9cfa-edf6a7d18019', 1200, 10, '3e32eddf-b3d1-495a-9f0e-00e6ed06e7bb', '0a41bdf2-7741-48f9-9215-cdcd042ca397');
INSERT INTO items (id, code, name, yomigana, description, supplier_id, standard_price, standard_purchase_qty, category_id, location_id) VALUES ('6ed35b2c-48e3-44e0-b043-89cc0a0a6831', 'ING-004', '上白糖', 'じょうはくとう', '三井製糖、30kg', 'f7b80af7-8479-40fe-9bce-cf36fe91d40e', 5400, 1, 'd738928f-ae63-469d-8665-faff952e075e', 'b5ee50db-97a6-4a16-ba0d-982cef68a39d');
INSERT INTO items (id, code, name, yomigana, description, supplier_id, standard_price, standard_purchase_qty, category_id, location_id) VALUES ('1d5f185c-3de6-4ca2-a751-053ebb5f7d73', 'ING-005', '粗塩', 'あらじお', '伯方塩業、5kg', 'f7b80af7-8479-40fe-9bce-cf36fe91d40e', 850, 2, '04d086c7-1b60-4c3a-b96d-204300ec49ba', 'b5ee50db-97a6-4a16-ba0d-982cef68a39d');
INSERT INTO items (id, code, name, yomigana, description, supplier_id, standard_price, standard_purchase_qty, category_id, location_id) VALUES ('6cc79e42-65a4-41d9-bc63-ffa796887e26', 'ING-006', '無塩バター', 'むえんばたー', 'よつ葉乳業、450g', 'ff4c7a97-a5d1-44ff-b7b9-f36412c97b1e', 950, 30, 'ee588c63-abfa-4694-81a8-cb929e0c6fb8', '132dc5ef-c24f-4f02-b734-15b6acb6620b');
INSERT INTO items (id, code, name, yomigana, description, supplier_id, standard_price, standard_purchase_qty, category_id, location_id) VALUES ('a47b9b86-c9f0-456c-afd8-b0615b6fa9d4', 'ING-007', '牛乳 (業務用)', 'ぎゅうにゅう', '明治、1000ml', 'ff4c7a97-a5d1-44ff-b7b9-f36412c97b1e', 280, 12, 'ee588c63-abfa-4694-81a8-cb929e0c6fb8', '132dc5ef-c24f-4f02-b734-15b6acb6620b');
INSERT INTO items (id, code, name, yomigana, description, supplier_id, standard_price, standard_purchase_qty, category_id, location_id) VALUES ('0ac6f5e8-5bfb-40ee-ad58-e495866ad24e', 'ING-008', '鶏卵 (Lサイズ)', 'けいらん', 'JA全農、10kg', '2faff51b-529c-486c-ba7d-4cc90d8582cc', 3200, 2, 'd8974612-313d-445c-90c9-f9b55f6c854a', 'f15ee998-9c5c-40e2-b190-1928ebb9d82c');


-- Transactions
INSERT INTO transactions (id, date, item_id, type, quantity, location_id, staff_id) VALUES ('bdd27aff-0b44-41ae-ad12-01c164c42f81', '2026-05-15 15:00', 'a47b9b86-c9f0-456c-afd8-b0615b6fa9d4', '受入', 4, '132dc5ef-c24f-4f02-b734-15b6acb6620b', '563bb18c-8d3b-44ca-8fec-1fb32a71c8aa');
INSERT INTO transactions (id, date, item_id, type, quantity, location_id, staff_id) VALUES ('fa4598a9-3289-4458-9b28-adacab83ec16', '2026-05-16 10:00', '0e39e2fa-8c31-42c0-bf47-9f787d9f0179', '受入', 16, '0a41bdf2-7741-48f9-9215-cdcd042ca397', '563bb18c-8d3b-44ca-8fec-1fb32a71c8aa');
INSERT INTO transactions (id, date, item_id, type, quantity, location_id, staff_id) VALUES ('7e76e32e-ad43-4861-95f9-cc3bec6b1619', '2026-05-16 14:00', '6ed35b2c-48e3-44e0-b043-89cc0a0a6831', '払出', 9, 'b5ee50db-97a6-4a16-ba0d-982cef68a39d', 'de2d336b-254d-4af7-8e49-5acbda340e67');
INSERT INTO transactions (id, date, item_id, type, quantity, location_id, staff_id) VALUES ('caa41d7b-68d3-4e70-a520-13dfc35b96b5', '2026-05-17 08:00', '1d5f185c-3de6-4ca2-a751-053ebb5f7d73', '受入', 15, 'b5ee50db-97a6-4a16-ba0d-982cef68a39d', '563bb18c-8d3b-44ca-8fec-1fb32a71c8aa');
INSERT INTO transactions (id, date, item_id, type, quantity, location_id, staff_id) VALUES ('d3da8aea-b0d8-4974-9de1-e20813cb2217', '2026-05-17 15:00', '6cc79e42-65a4-41d9-bc63-ffa796887e26', '受入', 7, '132dc5ef-c24f-4f02-b734-15b6acb6620b', '563bb18c-8d3b-44ca-8fec-1fb32a71c8aa');
INSERT INTO transactions (id, date, item_id, type, quantity, location_id, staff_id) VALUES ('abcfce80-7e27-4436-a4dc-fa1d1ad7b6ae', '2026-05-17 17:00', '6cc79e42-65a4-41d9-bc63-ffa796887e26', '受入', 7, 'f15ee998-9c5c-40e2-b190-1928ebb9d82c', '563bb18c-8d3b-44ca-8fec-1fb32a71c8aa');
INSERT INTO transactions (id, date, item_id, type, quantity, location_id, staff_id) VALUES ('f522181e-4b5b-474f-bb6c-f4ce03760451', '2026-05-18 09:00', '0e39e2fa-8c31-42c0-bf47-9f787d9f0179', '払出', 2, '0a41bdf2-7741-48f9-9215-cdcd042ca397', '563bb18c-8d3b-44ca-8fec-1fb32a71c8aa');
INSERT INTO transactions (id, date, item_id, type, quantity, location_id, staff_id) VALUES ('90b6bd4d-bcac-476e-8954-f4391ed2970b', '2026-05-18 15:00', '0e39e2fa-8c31-42c0-bf47-9f787d9f0179', '受入', 11, '0a41bdf2-7741-48f9-9215-cdcd042ca397', '563bb18c-8d3b-44ca-8fec-1fb32a71c8aa');
INSERT INTO transactions (id, date, item_id, type, quantity, location_id, staff_id) VALUES ('20f08016-3229-4b04-9d20-9d88324081fa', '2026-05-21 12:00', 'a47b9b86-c9f0-456c-afd8-b0615b6fa9d4', '払出', 15, '132dc5ef-c24f-4f02-b734-15b6acb6620b', 'de2d336b-254d-4af7-8e49-5acbda340e67');
INSERT INTO transactions (id, date, item_id, type, quantity, location_id, staff_id) VALUES ('6cc17aa5-23b7-4d22-8882-5e6c1b6063ad', '2026-05-21 13:00', '6ed35b2c-48e3-44e0-b043-89cc0a0a6831', '払出', 5, 'b5ee50db-97a6-4a16-ba0d-982cef68a39d', '563bb18c-8d3b-44ca-8fec-1fb32a71c8aa');
INSERT INTO transactions (id, date, item_id, type, quantity, location_id, staff_id) VALUES ('760a8e73-2006-4a9e-80b3-ba7c34ec85e7', '2026-05-22 11:00', '0e39e2fa-8c31-42c0-bf47-9f787d9f0179', '払出', 4, '0a41bdf2-7741-48f9-9215-cdcd042ca397', 'de2d336b-254d-4af7-8e49-5acbda340e67');
INSERT INTO transactions (id, date, item_id, type, quantity, location_id, staff_id) VALUES ('8c4c999f-88c9-4972-9360-0d781f7460a8', '2026-05-22 17:00', '0ac6f5e8-5bfb-40ee-ad58-e495866ad24e', '払出', 17, 'f15ee998-9c5c-40e2-b190-1928ebb9d82c', '563bb18c-8d3b-44ca-8fec-1fb32a71c8aa');
INSERT INTO transactions (id, date, item_id, type, quantity, location_id, staff_id) VALUES ('800a226a-0921-498a-aba7-4cce03398c08', '2026-05-23 11:00', '1d5f185c-3de6-4ca2-a751-053ebb5f7d73', '払出', 6, 'b5ee50db-97a6-4a16-ba0d-982cef68a39d', 'de2d336b-254d-4af7-8e49-5acbda340e67');
INSERT INTO transactions (id, date, item_id, type, quantity, location_id, staff_id) VALUES ('7e0310dd-0d74-4541-bea3-712975f090be', '2026-05-23 15:00', '0ac6f5e8-5bfb-40ee-ad58-e495866ad24e', '受入', 17, 'f15ee998-9c5c-40e2-b190-1928ebb9d82c', '563bb18c-8d3b-44ca-8fec-1fb32a71c8aa');
INSERT INTO transactions (id, date, item_id, type, quantity, location_id, staff_id) VALUES ('3ac293b9-e1ff-47f4-9a3c-8155ef678c3a', '2026-05-24 12:00', '0e39e2fa-8c31-42c0-bf47-9f787d9f0179', '払出', 18, '0a41bdf2-7741-48f9-9215-cdcd042ca397', 'de2d336b-254d-4af7-8e49-5acbda340e67');
INSERT INTO transactions (id, date, item_id, type, quantity, location_id, staff_id) VALUES ('5586fa7b-c7e3-411c-969d-5804f1a11b6e', '2026-05-24 16:00', '1cb7bb54-98f3-4ad5-8edd-f573cea0f7b0', '払出', 12, '4f3672e8-daf7-4ee6-a289-1b99ad9a512c', '563bb18c-8d3b-44ca-8fec-1fb32a71c8aa');
INSERT INTO transactions (id, date, item_id, type, quantity, location_id, staff_id) VALUES ('de33f728-aa8d-4737-8be0-9a30773ed4f5', '2026-05-28 08:00', '6cc79e42-65a4-41d9-bc63-ffa796887e26', '受入', 6, 'f15ee998-9c5c-40e2-b190-1928ebb9d82c', '563bb18c-8d3b-44ca-8fec-1fb32a71c8aa');
INSERT INTO transactions (id, date, item_id, type, quantity, location_id, staff_id) VALUES ('6808bf72-a160-4564-8cd0-ce9c2c2f7087', '2026-05-30 17:00', '1cb7bb54-98f3-4ad5-8edd-f573cea0f7b0', '受入', 13, '4f3672e8-daf7-4ee6-a289-1b99ad9a512c', '563bb18c-8d3b-44ca-8fec-1fb32a71c8aa');
INSERT INTO transactions (id, date, item_id, type, quantity, location_id, staff_id) VALUES ('035aa216-a905-4e8d-b9fe-7422e59ebdf0', '2026-05-31 14:00', '0e39e2fa-8c31-42c0-bf47-9f787d9f0179', '受入', 10, '0a41bdf2-7741-48f9-9215-cdcd042ca397', 'de2d336b-254d-4af7-8e49-5acbda340e67');
INSERT INTO transactions (id, date, item_id, type, quantity, location_id, staff_id) VALUES ('5dbe663b-77d4-49e7-ad28-bf6a7224c8a2', '2026-06-01 11:00', '0ac6f5e8-5bfb-40ee-ad58-e495866ad24e', '受入', 2, 'f15ee998-9c5c-40e2-b190-1928ebb9d82c', 'de2d336b-254d-4af7-8e49-5acbda340e67');
INSERT INTO transactions (id, date, item_id, type, quantity, location_id, staff_id) VALUES ('1cbd82f3-bd25-4458-bf26-b02cb98a08a1', '2026-06-02 16:00', '0ac6f5e8-5bfb-40ee-ad58-e495866ad24e', '受入', 20, 'f15ee998-9c5c-40e2-b190-1928ebb9d82c', 'de2d336b-254d-4af7-8e49-5acbda340e67');
INSERT INTO transactions (id, date, item_id, type, quantity, location_id, staff_id) VALUES ('b73aa4b2-a206-42cb-8a13-3fccdc45aa24', '2026-06-03 12:00', '6ed35b2c-48e3-44e0-b043-89cc0a0a6831', '払出', 5, 'b5ee50db-97a6-4a16-ba0d-982cef68a39d', '563bb18c-8d3b-44ca-8fec-1fb32a71c8aa');
INSERT INTO transactions (id, date, item_id, type, quantity, location_id, staff_id) VALUES ('a81312dc-a138-4198-8153-cd8c15efcf61', '2026-06-04 12:00', '1cb7bb54-98f3-4ad5-8edd-f573cea0f7b0', '受入', 16, '4f3672e8-daf7-4ee6-a289-1b99ad9a512c', 'de2d336b-254d-4af7-8e49-5acbda340e67');
INSERT INTO transactions (id, date, item_id, type, quantity, location_id, staff_id) VALUES ('26f31bc2-2621-480c-8e57-6b412b6e24c7', '2026-06-05 13:00', 'a47b9b86-c9f0-456c-afd8-b0615b6fa9d4', '払出', 1, '132dc5ef-c24f-4f02-b734-15b6acb6620b', 'de2d336b-254d-4af7-8e49-5acbda340e67');
INSERT INTO transactions (id, date, item_id, type, quantity, location_id, staff_id) VALUES ('03057490-1359-4a33-835e-474a2ecf2638', '2026-06-05 18:00', 'ea8e1145-9aa7-422d-bd46-bfb76f2024e7', '払出', 6, 'b5ee50db-97a6-4a16-ba0d-982cef68a39d', 'de2d336b-254d-4af7-8e49-5acbda340e67');
INSERT INTO transactions (id, date, item_id, type, quantity, location_id, staff_id) VALUES ('f6021b47-d904-44f6-940f-01ae710f6f5f', '2026-06-09 18:00', '0e39e2fa-8c31-42c0-bf47-9f787d9f0179', '受入', 17, '0a41bdf2-7741-48f9-9215-cdcd042ca397', 'de2d336b-254d-4af7-8e49-5acbda340e67');
INSERT INTO transactions (id, date, item_id, type, quantity, location_id, staff_id) VALUES ('88c9049a-300a-4dee-a90f-d8fe857d1018', '2026-06-10 09:00', '1cb7bb54-98f3-4ad5-8edd-f573cea0f7b0', '受入', 1, '4f3672e8-daf7-4ee6-a289-1b99ad9a512c', 'de2d336b-254d-4af7-8e49-5acbda340e67');
INSERT INTO transactions (id, date, item_id, type, quantity, location_id, staff_id) VALUES ('4a72ead7-4056-4981-aa14-55b387237a98', '2026-06-10 11:00', '0e39e2fa-8c31-42c0-bf47-9f787d9f0179', '払出', 1, '0a41bdf2-7741-48f9-9215-cdcd042ca397', 'de2d336b-254d-4af7-8e49-5acbda340e67');
INSERT INTO transactions (id, date, item_id, type, quantity, location_id, staff_id) VALUES ('dd66592d-ebd8-4b77-b425-f937d0abab2c', '2026-06-11 08:00', '0e39e2fa-8c31-42c0-bf47-9f787d9f0179', '受入', 4, '0a41bdf2-7741-48f9-9215-cdcd042ca397', '563bb18c-8d3b-44ca-8fec-1fb32a71c8aa');
INSERT INTO transactions (id, date, item_id, type, quantity, location_id, staff_id) VALUES ('3c867780-39b4-4bb2-ac20-3b9d957fd035', '2026-06-15 10:00', '6ed35b2c-48e3-44e0-b043-89cc0a0a6831', '受入', 7, 'b5ee50db-97a6-4a16-ba0d-982cef68a39d', '563bb18c-8d3b-44ca-8fec-1fb32a71c8aa');

-- Stocktakings
INSERT INTO stocktakings (id, date, item_id, system_qty, actual_qty, difference, staff_id, location_id) VALUES ('79df6763-575e-4c34-a81e-a0e3e3d2c030', '2026-05-31 10:00', '0e39e2fa-8c31-42c0-bf47-9f787d9f0179', 29, 14, -15, 'de2d336b-254d-4af7-8e49-5acbda340e67', '0a41bdf2-7741-48f9-9215-cdcd042ca397');
INSERT INTO stocktakings (id, date, item_id, system_qty, actual_qty, difference, staff_id, location_id) VALUES ('3f171aba-2f60-4255-a012-c648dff4057d', '2026-05-31 11:00', '1d5f185c-3de6-4ca2-a751-053ebb5f7d73', 26, 12, -14, '563bb18c-8d3b-44ca-8fec-1fb32a71c8aa', 'b5ee50db-97a6-4a16-ba0d-982cef68a39d');
INSERT INTO stocktakings (id, date, item_id, system_qty, actual_qty, difference, staff_id, location_id) VALUES ('c5043c8d-aff9-477e-b2db-6c04c6d13613', '2026-05-31 12:00', 'ea8e1145-9aa7-422d-bd46-bfb76f2024e7', 31, 36, 5, '563bb18c-8d3b-44ca-8fec-1fb32a71c8aa', '4f3672e8-daf7-4ee6-a289-1b99ad9a512c');
INSERT INTO stocktakings (id, date, item_id, system_qty, actual_qty, difference, staff_id, location_id) VALUES ('c6e3deec-a899-49ba-931b-ecf0013f7e9c', '2026-05-31 13:00', '0ac6f5e8-5bfb-40ee-ad58-e495866ad24e', 45, 22, -23, 'de2d336b-254d-4af7-8e49-5acbda340e67', 'f15ee998-9c5c-40e2-b190-1928ebb9d82c');
INSERT INTO stocktakings (id, date, item_id, system_qty, actual_qty, difference, staff_id, location_id) VALUES ('5c1e9e25-77d3-43a6-b18b-a68dee7c32b5', '2026-05-31 14:00', 'a47b9b86-c9f0-456c-afd8-b0615b6fa9d4', 48, 41, -7, '563bb18c-8d3b-44ca-8fec-1fb32a71c8aa', '132dc5ef-c24f-4f02-b734-15b6acb6620b');
INSERT INTO stocktakings (id, date, item_id, system_qty, actual_qty, difference, staff_id, location_id) VALUES ('d94f0208-20c8-4286-9083-92c06fc7269a', '2026-05-31 15:00', 'a47b9b86-c9f0-456c-afd8-b0615b6fa9d4', 28, 16, -12, '563bb18c-8d3b-44ca-8fec-1fb32a71c8aa', '132dc5ef-c24f-4f02-b734-15b6acb6620b');
INSERT INTO stocktakings (id, date, item_id, system_qty, actual_qty, difference, staff_id, location_id) VALUES ('0e8c7941-4dbb-4e62-b422-8d7fa9992f6d', '2026-05-31 16:00', '6ed35b2c-48e3-44e0-b043-89cc0a0a6831', 28, 47, 19, 'de2d336b-254d-4af7-8e49-5acbda340e67', 'b5ee50db-97a6-4a16-ba0d-982cef68a39d');
INSERT INTO stocktakings (id, date, item_id, system_qty, actual_qty, difference, staff_id, location_id) VALUES ('60b38d5c-dc07-4343-ab39-171db5fb0dd8', '2026-05-31 17:00', '0e39e2fa-8c31-42c0-bf47-9f787d9f0179', 28, 12, -16, 'de2d336b-254d-4af7-8e49-5acbda340e67', '0a41bdf2-7741-48f9-9215-cdcd042ca397');
INSERT INTO stocktakings (id, date, item_id, system_qty, actual_qty, difference, staff_id, location_id) VALUES ('3307a58a-43d8-4c88-806a-baa66564fa21', '2026-05-31 18:00', '1d5f185c-3de6-4ca2-a751-053ebb5f7d73', 47, 43, -4, '563bb18c-8d3b-44ca-8fec-1fb32a71c8aa', 'b5ee50db-97a6-4a16-ba0d-982cef68a39d');
INSERT INTO stocktakings (id, date, item_id, system_qty, actual_qty, difference, staff_id, location_id) VALUES ('4be7e9b5-d0b9-45d5-8d53-878c16455fc4', '2026-05-31 19:00', 'ea8e1145-9aa7-422d-bd46-bfb76f2024e7', 17, 38, 21, 'de2d336b-254d-4af7-8e49-5acbda340e67', 'b5ee50db-97a6-4a16-ba0d-982cef68a39d');

-- Members
INSERT INTO members (id, name, yomigana, role, notes) VALUES ('b362ad61-3ab9-42b3-a53c-1b77f985b85a', '江口 春奈', 'えぐち はるな', '利用者', '週3日利用');
INSERT INTO members (id, name, yomigana, role, notes) VALUES ('e98c7634-1eb3-4e42-b062-841f39c043e0', '大西 智也', 'おおにし ともや', '利用者', '配慮事項あり');
